Park Name:,Description,Source,Size,Accessibility
Auckland Domain,"Pukekawa / Auckland Domain is our oldest park and one of the largest. Developed on 75 hectares around the cone of an extinct volcano. The 'tuff rings' created by volcanic activity can be seen in the land contours and forms a natural amphitheatre.
Pukekawa / Auckland Domain is the remnant of the ancient volcano Pukekawa. Its crater extends around the outside of the sport fields. The small volcanic hill is Pukekaroa, the site of a pa inhabited and fought over by many different iwi (tribes) throughout the early history of Tamaki Makaurau.
Governor Robert Fitzroy set aside the 75ha park in 1843, and since then it has gone through many changes.
During the Second World War it was used as a campground by American troops, and many exotic plants and birds were introduced by the Acclimatisation Society.
During the 1920s, the Wintergarden added Art Deco style and the Auckland War Memorial Museum became a permanent memorial to our fallen service men and women.
The Domain Wintergarden was designed by Auckland architect William Gummer in the early 1900s and are a complex of gardens located within the Pukekawa / Auckland Domain. The glasshouses have recently been reopened after two years of seismic strengthening and restoration.
Still present in the domain is a mighty tōtara tree, which represents the continued peace agreement between the Waikato tribes of Te Wherowhero, Ngāti Whātua and Ngāpuhi.",https://www.aucklandcouncil.govt.nz/en/parks-recreation/find-park-beach/park-detail/126.html,75.9,"The Auckland Domain is a largely accessible park, with multiple entrances promoting driving and foot traffic. Careful attention needs to be paid to certain paths located near trees, due to roots disrupting the footpath. The amount of traffic is another concern, so attention must be paid accordingly. "
Onepoto Domain,"Onepoto Domain is a large park, located at the base of Onewa Road, alongside the Northern Motorway. The crater-shaped domain was formed by an eruption 20,000 to 30,000 years ago.
The domain is perfect for a variety of sports activities for all ages, and can host large numbers of visitors. The wide paths and boardwalks throughout the park are good for walking, push chairs and wheelchairs.
There are two small freshwater lakes within the domain so keep an eye on small children!
Car access from Tarahanga Street. Pedestrian access also from Puawai Place, Sylvian Avenue and Exmouth Road.
A playground, toilets and changing rooms, seating and picnic tables, large car park (including mobility parks), drinking fountains, bike stands, and barbecues are inside the park.
The concrete paths around the lake are flat and even. The bridge is sloped and slightly uneven so you need to take care when using this. The board walk behind the playground is not wheelchair accessible as there is a 6cm step at the entrance.",https://www.aucklandcouncil.govt.nz/en/parks-recreation/find-park-beach/park-detail/424.html,33.6,"The flat, open area of Onepoto Domain is very accessible, with multiple footpaths and driving entrances. However, northern areas of the park are more difficult to access and would likely be inappropriate for those with heightened accessibility needs, particularly during winter months."
Maungakiekie/One Tree Hill,"This park is one of Auckland region's 14 Tūpuna Maunga (ancestral mountains).
The area contains One Tree Hill Domain and Cornwall Park, which are next to each other, and often seen as one. There is a playground including a train track for little ones and a skate bowl close to the entrance off Manukau Road.
Both parks are open to the public, however Cornwall Park is a private park and administered by the Cornwall Park Trust Board.
Visit the Stardome Observatory or climb to the summit of the hill to enjoy the incredible view on top of one of the highest volcanic peaks in Auckland. ",https://www.aucklandcouncil.govt.nz/en/parks-recreation/find-park-beach/park-detail/156.html,48.9,"The mountainous section of this park is reasonably well maintained, but extra attention should still be paid due to poor visibility at times. Furthermore, the monument is primarily accessible via stairs, with no apparent alternative access way. "
Maungawhau / Mt Eden,"One of Auckland region's 14 Tūpuna Maunga (ancestral mountains).
At 196m tall, Maungawhau or Mount Eden is the highest volcano in Auckland. From the summit, you can enjoy spectacular views of the city and its harbours.
A large, well-preserved crater, some 50 metres deep, is contained within the summit cone.
Access the maunga from Mount Eden Road. The main entrance gates are open from 7am to 8.30pm in summer, and 7am to 7pm in winter.",https://www.aucklandcouncil.govt.nz/en/parks-recreation/find-park-beach/park-detail/58.html,28,The paths are well maintained and promote strong accessibility. Attention should be paid to both road users and the steep inclines. 
Waiatarua Reserve,"Large open space and New Zealand's biggest urban wetland restoration project. Enjoy the good network of paths around the reserve and watch out for bird life – there are several bird viewing areas off the main path.

Recreational opportunities include a basketball half court, gravel path network through the reserve, picnic tables, play equipment, seating and skate facilities.

Access the car parks from Abbots Way and Grand Drive. There are gates at the Grand Drive entrance. Pedestrians can also access from Towle Place.

A playground, toilets, car park, picnic tables and seating, basketball half court, and skate ramp are inside the park.",https://www.aucklandcouncil.govt.nz/en/parks-recreation/find-park-beach/park-detail/89.html,41,"There is a significant network of paths within this reserve. These paths, however, may not be suitable for all users and care is advised. It is also important to be aware of the potential for flooding, due to the wetland environment. "
Western Springs Lakeside Park,"Welcome to Western Springs, also known as Waiorea – a true haven for wildlife enthusiasts and nature lovers. This expansive park surrounds a pristine spring-fed lake, which once served as an important water source for Auckland.

As you explore, you'll discover that Western Springs is not only a place of natural beauty, but also a hub of nearby attractions. From the renowned Auckland Zoo to the Museum of Transport and Technology (MOTAT), the Chamberlain Park Golf Course, and the Western Springs stadium, there's no shortage of excitement.

This centrally located park is a popular destination, drawing visitors with its charming lake at the heart of it all. Take a leisurely walk around the park or along the scenic lake, then find the perfect spot to settle down for a delightful picnic.

If you have an appreciation for birds, you're in for a treat. Western Springs offers ample opportunities for close encounters with a variety of feathered friends, including ducks, geese, and the iconic pukeko. Remember, though, while it's wonderful to observe the birdlife, please refrain from feeding them. Feeding them inappropriate food, like bread, can lead to poor nutrition and the spread of disease. It's important to maintain a balanced ecosystem and prevent aggressive behavior and overcrowding.

Inside the park, you'll find amenities such as toilets and changing rooms, picnic tables and seating, and drinking fountains and everything you need for a comfortable visit.

For a leisurely stroll, follow the 1.75km Western Springs Path, which meanders through the park, offering lovely views along the way.",https://www.aucklandnz.com/explore/western-springs-lakeside-park,26.5,"Likely no major accessibility concerns within the Western Springs Lakeside Park. The large water basin means children need to be monitored carefully, and tree roots could potentially pose a hazard. "
